upstream_code,downstream_code,upstream,downstream,z1,z2
1,1,"Agriculture, Forestry, Fishing","Agriculture, Forestry, Fishing",.0003219191,.00072501367
2,1,Coal,"Agriculture, Forestry, Fishing",0,0
3,1,Oil and Gas,"Agriculture, Forestry, Fishing",2.7210250e-09,4.1842846e-08
4,1,Minerals nec,"Agriculture, Forestry, Fishing",0,0
5,1,Food products and beverages,"Agriculture, Forestry, Fishing",4.4024532e-06,.000012154269
6,1,Textiles,"Agriculture, Forestry, Fishing",0,0
7,1,Wearing apparel,"Agriculture, Forestry, Fishing",0,0
8,1,Leather products,"Agriculture, Forestry, Fishing",0,0
9,1,Wood products,"Agriculture, Forestry, Fishing",6.9547167e-07,2.8432137e-06
10,1,"Paper products, publishing","Agriculture, Forestry, Fishing",0,0
11,1,"Petroleum, coal products","Agriculture, Forestry, Fishing",0,0
12,1,"Chemical,rubber,plastic prods","Agriculture, Forestry, Fishing",.000017072471,.000050164126
13,1,Mineral products nec,"Agriculture, Forestry, Fishing",0,0
14,1,Ferrous metals,"Agriculture, Forestry, Fishing",0,0
15,1,Metals nec,"Agriculture, Forestry, Fishing",4.1321091e-06,.000047183265
16,1,Metal products,"Agriculture, Forestry, Fishing",4.7200278e-06,.000020434167
17,1,Motor vehicles and parts,"Agriculture, Forestry, Fishing",0,0
18,1,Transport equipment nec,"Agriculture, Forestry, Fishing",.000015908174,.00012513598
19,1,Electronic equipment,"Agriculture, Forestry, Fishing",0,0
20,1,Machinery and equipment nec,"Agriculture, Forestry, Fishing",.000011545844,.000038727576
21,1,Manufactures nec,"Agriculture, Forestry, Fishing",3.5530070e-06,.000018381425
22,1,Electricity,"Agriculture, Forestry, Fishing",.000022462755,.00012959067
23,1,"Gas manufacture, distribution","Agriculture, Forestry, Fishing",.000018460811,.0000839309
24,1,Water,"Agriculture, Forestry, Fishing",0,0
25,1,Construction,"Agriculture, Forestry, Fishing",.000011165626,.00002946357
26,1,Trade,"Agriculture, Forestry, Fishing",.000029506686,.000063566004
27,1,Transport nec,"Agriculture, Forestry, Fishing",9.6553294e-06,.000025671407
28,1,Sea transport,"Agriculture, Forestry, Fishing",0,0
29,1,Air transport,"Agriculture, Forestry, Fishing",0,0
30,1,Communication,"Agriculture, Forestry, Fishing",.000037753212,.00015558409
31,1,Financial services nec,"Agriculture, Forestry, Fishing",.000044583594,.00013831012
32,1,Insurance,"Agriculture, Forestry, Fishing",.00011641211,.00040076577
33,1,Business services nec,"Agriculture, Forestry, Fishing",.000069635054,.00013284379
34,1,Recreation and other services,"Agriculture, Forestry, Fishing",8.2521808e-07,3.3981780e-06
35,1,PubAdmin/Defence/Health/Educat,"Agriculture, Forestry, Fishing",.000011637051,.00003523015
1,2,"Agriculture, Forestry, Fishing",Coal,0,0
2,2,Coal,Coal,0,0
3,2,Oil and Gas,Coal,0,0
4,2,Minerals nec,Coal,0,0
5,2,Food products and beverages,Coal,0,0
6,2,Textiles,Coal,0,0
7,2,Wearing apparel,Coal,0,0
8,2,Leather products,Coal,0,0
9,2,Wood products,Coal,0,0
10,2,"Paper products, publishing",Coal,0,0
11,2,"Petroleum, coal products",Coal,0,0
12,2,"Chemical,rubber,plastic prods",Coal,0,0
13,2,Mineral products nec,Coal,0,0
14,2,Ferrous metals,Coal,0,0
15,2,Metals nec,Coal,0,0
16,2,Metal products,Coal,0,0
17,2,Motor vehicles and parts,Coal,0,0
18,2,Transport equipment nec,Coal,0,0
19,2,Electronic equipment,Coal,0,0
20,2,Machinery and equipment nec,Coal,.000064113745,.00053546019
21,2,Manufactures nec,Coal,0,0
22,2,Electricity,Coal,7.5191028e-06,.000090831098
23,2,"Gas manufacture, distribution",Coal,0,0
24,2,Water,Coal,0,0
25,2,Construction,Coal,.000037717477,.0003991274
26,2,Trade,Coal,.000011964923,.000088480592
27,2,Transport nec,Coal,0,0
28,2,Sea transport,Coal,0,0
29,2,Air transport,Coal,0,0
30,2,Communication,Coal,0,0
31,2,Financial services nec,Coal,0,0
32,2,Insurance,Coal,.000049028593,.00060796214
33,2,Business services nec,Coal,.00012449831,.00097892119
34,2,Recreation and other services,Coal,0,0
35,2,PubAdmin/Defence/Health/Educat,Coal,0,0
1,3,"Agriculture, Forestry, Fishing",Oil and Gas,6.8268146e-06,.00006781087
2,3,Coal,Oil and Gas,0,0
3,3,Oil and Gas,Oil and Gas,0,0
4,3,Minerals nec,Oil and Gas,0,0
5,3,Food products and beverages,Oil and Gas,0,0
6,3,Textiles,Oil and Gas,0,0
7,3,Wearing apparel,Oil and Gas,0,0
8,3,Leather products,Oil and Gas,0,0
9,3,Wood products,Oil and Gas,0,0
10,3,"Paper products, publishing",Oil and Gas,0,0
11,3,"Petroleum, coal products",Oil and Gas,0,0
12,3,"Chemical,rubber,plastic prods",Oil and Gas,0,0
13,3,Mineral products nec,Oil and Gas,0,0
14,3,Ferrous metals,Oil and Gas,0,0
15,3,Metals nec,Oil and Gas,0,0
16,3,Metal products,Oil and Gas,0,0
17,3,Motor vehicles and parts,Oil and Gas,0,0
18,3,Transport equipment nec,Oil and Gas,0,0
19,3,Electronic equipment,Oil and Gas,0,0
20,3,Machinery and equipment nec,Oil and Gas,.000016446153,.00010729914
21,3,Manufactures nec,Oil and Gas,0,0
22,3,Electricity,Oil and Gas,.000014707061,.00011014909
23,3,"Gas manufacture, distribution",Oil and Gas,2.3310531e-06,.000022284326
24,3,Water,Oil and Gas,0,0
25,3,Construction,Oil and Gas,.00001945333,.000092997667
26,3,Trade,Oil and Gas,.000021279317,.00010532721
27,3,Transport nec,Oil and Gas,5.0365452e-06,.000026762556
28,3,Sea transport,Oil and Gas,0,0
29,3,Air transport,Oil and Gas,0,0
30,3,Communication,Oil and Gas,0,0
31,3,Financial services nec,Oil and Gas,.000027559698,.00014325393
32,3,Insurance,Oil and Gas,.00002518445,.00019072201
33,3,Business services nec,Oil and Gas,.000047761987,.00023156275
34,3,Recreation and other services,Oil and Gas,0,0
35,3,PubAdmin/Defence/Health/Educat,Oil and Gas,3.9538781e-06,.0000254242
1,4,"Agriculture, Forestry, Fishing",Minerals nec,0,0
2,4,Coal,Minerals nec,0,0
3,4,Oil and Gas,Minerals nec,0,0
4,4,Minerals nec,Minerals nec,0,0
5,4,Food products and beverages,Minerals nec,0,0
6,4,Textiles,Minerals nec,0,0
7,4,Wearing apparel,Minerals nec,0,0
8,4,Leather products,Minerals nec,0,0
9,4,Wood products,Minerals nec,0,0
10,4,"Paper products, publishing",Minerals nec,0,0
11,4,"Petroleum, coal products",Minerals nec,0,0
12,4,"Chemical,rubber,plastic prods",Minerals nec,.000011382494,.000089432011
13,4,Mineral products nec,Minerals nec,0,0
14,4,Ferrous metals,Minerals nec,0,0
15,4,Metals nec,Minerals nec,0,0
16,4,Metal products,Minerals nec,0,0
17,4,Motor vehicles and parts,Minerals nec,0,0
18,4,Transport equipment nec,Minerals nec,.000039883133,.00060959964
19,4,Electronic equipment,Minerals nec,0,0
20,4,Machinery and equipment nec,Minerals nec,.000029701774,.00020066906
21,4,Manufactures nec,Minerals nec,.000011841655,.00017060943
22,4,Electricity,Minerals nec,0,0
23,4,"Gas manufacture, distribution",Minerals nec,0,0
24,4,Water,Minerals nec,0,0
25,4,Construction,Minerals nec,9.2789298e-07,6.5147242e-06
26,4,Trade,Minerals nec,.00003355194,.00019924791
27,4,Transport nec,Minerals nec,.000017299011,.00012331209
28,4,Sea transport,Minerals nec,.000091179012,.001157186
29,4,Air transport,Minerals nec,0,0
30,4,Communication,Minerals nec,.000037004211,.00039203808
31,4,Financial services nec,Minerals nec,0,0
32,4,Insurance,Minerals nec,.00014750946,.001381984
33,4,Business services nec,Minerals nec,.000023328425,.00013965821
34,4,Recreation and other services,Minerals nec,.000010829568,.000092821174
35,4,PubAdmin/Defence/Health/Educat,Minerals nec,3.4339673e-06,.000029949993
1,5,"Agriculture, Forestry, Fishing",Food products and beverages,.000018723496,.000071637827
2,5,Coal,Food products and beverages,0,0
3,5,Oil and Gas,Food products and beverages,0,0
4,5,Minerals nec,Food products and beverages,0,0
5,5,Food products and beverages,Food products and beverages,.000080677695,.00038886798
6,5,Textiles,Food products and beverages,0,0
7,5,Wearing apparel,Food products and beverages,0,0
8,5,Leather products,Food products and beverages,0,0
9,5,Wood products,Food products and beverages,0,0
10,5,"Paper products, publishing",Food products and beverages,0,0
11,5,"Petroleum, coal products",Food products and beverages,0,0
12,5,"Chemical,rubber,plastic prods",Food products and beverages,.000061451647,.00035177922
13,5,Mineral products nec,Food products and beverages,0,0
14,5,Ferrous metals,Food products and beverages,0,0
15,5,Metals nec,Food products and beverages,0,0
16,5,Metal products,Food products and beverages,.000022045579,.00013169023
17,5,Motor vehicles and parts,Food products and beverages,0,0
18,5,Transport equipment nec,Food products and beverages,0,0
19,5,Electronic equipment,Food products and beverages,0,0
20,5,Machinery and equipment nec,Food products and beverages,0,0
21,5,Manufactures nec,Food products and beverages,0,0
22,5,Electricity,Food products and beverages,.00010592315,.0007921611
23,5,"Gas manufacture, distribution",Food products and beverages,0,0
24,5,Water,Food products and beverages,0,0
25,5,Construction,Food products and beverages,.000016467127,.000093487084
26,5,Trade,Food products and beverages,.00007039489,.00027433265
27,5,Transport nec,Food products and beverages,.000022288263,.00011345059
28,5,Sea transport,Food products and beverages,0,0
29,5,Air transport,Food products and beverages,.000030883708,.00024738096
30,5,Communication,Food products and beverages,0,0
31,5,Financial services nec,Food products and beverages,.000061706829,.00034086173
32,5,Insurance,Food products and beverages,.00016970804,.0011842045
33,5,Business services nec,Food products and beverages,.000074975731,.00028596888
34,5,Recreation and other services,Food products and beverages,5.1102563e-07,3.0942647e-06
35,5,PubAdmin/Defence/Health/Educat,Food products and beverages,1.4689570e-06,9.0586464e-06
1,6,"Agriculture, Forestry, Fishing",Textiles,0,0
2,6,Coal,Textiles,0,0
3,6,Oil and Gas,Textiles,0,0
4,6,Minerals nec,Textiles,0,0
5,6,Food products and beverages,Textiles,0,0
6,6,Textiles,Textiles,0,0
7,6,Wearing apparel,Textiles,1.1086107e-06,.000010614203
8,6,Leather products,Textiles,0,0
9,6,Wood products,Textiles,0,0
10,6,"Paper products, publishing",Textiles,0,0
11,6,"Petroleum, coal products",Textiles,0,0
12,6,"Chemical,rubber,plastic prods",Textiles,0,0
13,6,Mineral products nec,Textiles,0,0
14,6,Ferrous metals,Textiles,0,0
15,6,Metals nec,Textiles,0,0
16,6,Metal products,Textiles,0,0
17,6,Motor vehicles and parts,Textiles,0,0
18,6,Transport equipment nec,Textiles,0,0
19,6,Electronic equipment,Textiles,0,0
20,6,Machinery and equipment nec,Textiles,0,0
21,6,Manufactures nec,Textiles,0,0
22,6,Electricity,Textiles,0,0
23,6,"Gas manufacture, distribution",Textiles,0,0
24,6,Water,Textiles,0,0
25,6,Construction,Textiles,1.9868746e-06,.000013562147
26,6,Trade,Textiles,.000012997256,.000064879714
27,6,Transport nec,Textiles,.000012420434,.000081969367
28,6,Sea transport,Textiles,0,0
29,6,Air transport,Textiles,0,0
30,6,Communication,Textiles,0,0
31,6,Financial services nec,Textiles,.000036693422,.00025059746
32,6,Insurance,Textiles,.00001712891,.00015427876
33,6,Business services nec,Textiles,.000038372476,.00019430113
34,6,Recreation and other services,Textiles,0,0
35,6,PubAdmin/Defence/Health/Educat,Textiles,0,0
1,7,"Agriculture, Forestry, Fishing",Wearing apparel,0,0
2,7,Coal,Wearing apparel,0,0
3,7,Oil and Gas,Wearing apparel,0,0
4,7,Minerals nec,Wearing apparel,0,0
5,7,Food products and beverages,Wearing apparel,0,0
6,7,Textiles,Wearing apparel,.000048864029,.00023876755
7,7,Wearing apparel,Wearing apparel,.000031128406,.00015386644
8,7,Leather products,Wearing apparel,0,0
9,7,Wood products,Wearing apparel,0,0
10,7,"Paper products, publishing",Wearing apparel,0,0
11,7,"Petroleum, coal products",Wearing apparel,0,0
12,7,"Chemical,rubber,plastic prods",Wearing apparel,.000046273522,.00028061942
13,7,Mineral products nec,Wearing apparel,0,0
14,7,Ferrous metals,Wearing apparel,0,0
15,7,Metals nec,Wearing apparel,.000031430278,.00064123585
16,7,Metal products,Wearing apparel,0,0
17,7,Motor vehicles and parts,Wearing apparel,0,0
18,7,Transport equipment nec,Wearing apparel,0,0
19,7,Electronic equipment,Wearing apparel,0,0
20,7,Machinery and equipment nec,Wearing apparel,.000016555434,.00011605628
21,7,Manufactures nec,Wearing apparel,.000014028913,.000091004367
22,7,Electricity,Wearing apparel,0,0
23,7,"Gas manufacture, distribution",Wearing apparel,0,0
24,7,Water,Wearing apparel,0,0
25,7,Construction,Wearing apparel,0,0
26,7,Trade,Wearing apparel,.000038504539,.00016074689
27,7,Transport nec,Wearing apparel,.000031936077,.00018071846
28,7,Sea transport,Wearing apparel,0,0
29,7,Air transport,Wearing apparel,0,0
30,7,Communication,Wearing apparel,0,0
31,7,Financial services nec,Wearing apparel,.000058420104,.00033547686
32,7,Insurance,Wearing apparel,.00002274265,.00016861867
33,7,Business services nec,Wearing apparel,.000035679528,.00013492424
34,7,Recreation and other services,Wearing apparel,2.3315797e-06,.000014208283
35,7,PubAdmin/Defence/Health/Educat,Wearing apparel,1.2733149e-06,7.5745666e-06
1,8,"Agriculture, Forestry, Fishing",Leather products,0,0
2,8,Coal,Leather products,0,0
3,8,Oil and Gas,Leather products,0,0
4,8,Minerals nec,Leather products,0,0
5,8,Food products and beverages,Leather products,0,0
6,8,Textiles,Leather products,0,0
7,8,Wearing apparel,Leather products,0,0
8,8,Leather products,Leather products,0,0
9,8,Wood products,Leather products,0,0
10,8,"Paper products, publishing",Leather products,0,0
11,8,"Petroleum, coal products",Leather products,0,0
12,8,"Chemical,rubber,plastic prods",Leather products,0,0
13,8,Mineral products nec,Leather products,0,0
14,8,Ferrous metals,Leather products,0,0
15,8,Metals nec,Leather products,0,0
16,8,Metal products,Leather products,0,0
17,8,Motor vehicles and parts,Leather products,0,0
18,8,Transport equipment nec,Leather products,0,0
19,8,Electronic equipment,Leather products,0,0
20,8,Machinery and equipment nec,Leather products,0,0
21,8,Manufactures nec,Leather products,.000014005584,.00016138161
22,8,Electricity,Leather products,0,0
23,8,"Gas manufacture, distribution",Leather products,0,0
24,8,Water,Leather products,0,0
25,8,Construction,Leather products,0,0
26,8,Trade,Leather products,.000012292645,.000071917508
27,8,Transport nec,Leather products,.00003547356,.00027720185
28,8,Sea transport,Leather products,0,0
29,8,Air transport,Leather products,0,0
30,8,Communication,Leather products,0,0
31,8,Financial services nec,Leather products,0,0
32,8,Insurance,Leather products,0,0
33,8,Business services nec,Leather products,.000019209161,.00010874694
34,8,Recreation and other services,Leather products,3.5660798e-06,.000030917097
35,8,PubAdmin/Defence/Health/Educat,Leather products,0,0
1,9,"Agriculture, Forestry, Fishing",Wood products,8.3645300e-06,.000034476892
2,9,Coal,Wood products,0,0
3,9,Oil and Gas,Wood products,0,0
4,9,Minerals nec,Wood products,0,0
5,9,Food products and beverages,Wood products,0,0
6,9,Textiles,Wood products,0,0
7,9,Wearing apparel,Wood products,0,0
8,9,Leather products,Wood products,0,0
9,9,Wood products,Wood products,.000016510096,.000065730994
10,9,"Paper products, publishing",Wood products,1.8662457e-06,.000010967265
11,9,"Petroleum, coal products",Wood products,0,0
12,9,"Chemical,rubber,plastic prods",Wood products,.000032983316,.00017204367
13,9,Mineral products nec,Wood products,0,0
14,9,Ferrous metals,Wood products,0,0
15,9,Metals nec,Wood products,0,0
16,9,Metal products,Wood products,0,0
17,9,Motor vehicles and parts,Wood products,0,0
18,9,Transport equipment nec,Wood products,0,0
19,9,Electronic equipment,Wood products,0,0
20,9,Machinery and equipment nec,Wood products,0,0
21,9,Manufactures nec,Wood products,8.6490434e-07,7.5214448e-06
22,9,Electricity,Wood products,0,0
23,9,"Gas manufacture, distribution",Wood products,0,0
24,9,Water,Wood products,0,0
25,9,Construction,Wood products,4.2899782e-08,2.3324591e-07
26,9,Trade,Wood products,.000021943115,.000078968675
27,9,Transport nec,Wood products,.000011473184,.000052459789
28,9,Sea transport,Wood products,0,0
29,9,Air transport,Wood products,0,0
30,9,Communication,Wood products,0,0
31,9,Financial services nec,Wood products,.000011370413,.000057818062
32,9,Insurance,Wood products,.00028511084,.0018887441
33,9,Business services nec,Wood products,.000025229563,.000097605858
34,9,Recreation and other services,Wood products,0,0
35,9,PubAdmin/Defence/Health/Educat,Wood products,1.2452241e-06,6.5224262e-06
1,10,"Agriculture, Forestry, Fishing","Paper products, publishing",0,0
2,10,Coal,"Paper products, publishing",0,0
3,10,Oil and Gas,"Paper products, publishing",0,0
4,10,Minerals nec,"Paper products, publishing",0,0
5,10,Food products and beverages,"Paper products, publishing",0,0
6,10,Textiles,"Paper products, publishing",0,0
7,10,Wearing apparel,"Paper products, publishing",0,0
8,10,Leather products,"Paper products, publishing",0,0
9,10,Wood products,"Paper products, publishing",9.4754205e-06,.000043408832
10,10,"Paper products, publishing","Paper products, publishing",.000085703155,.00028236865
11,10,"Petroleum, coal products","Paper products, publishing",0,0
12,10,"Chemical,rubber,plastic prods","Paper products, publishing",.000021602853,.000089969784
13,10,Mineral products nec,"Paper products, publishing",0,0
14,10,Ferrous metals,"Paper products, publishing",0,0
15,10,Metals nec,"Paper products, publishing",0,0
16,10,Metal products,"Paper products, publishing",0,0
17,10,Motor vehicles and parts,"Paper products, publishing",0,0
18,10,Transport equipment nec,"Paper products, publishing",0,0
19,10,Electronic equipment,"Paper products, publishing",0,0
20,10,Machinery and equipment nec,"Paper products, publishing",9.0053454e-06,.000042748594
21,10,Manufactures nec,"Paper products, publishing",0,0
22,10,Electricity,"Paper products, publishing",0,0
23,10,"Gas manufacture, distribution","Paper products, publishing",0,0
24,10,Water,"Paper products, publishing",0,0
25,10,Construction,"Paper products, publishing",.000010211426,.000043182965
26,10,Trade,"Paper products, publishing",.000012891819,.000041011936
27,10,Transport nec,"Paper products, publishing",.000028521477,.00010961163
28,10,Sea transport,"Paper products, publishing",0,0
29,10,Air transport,"Paper products, publishing",.00001474797,.000093454357
30,10,Communication,"Paper products, publishing",0,0
31,10,Financial services nec,"Paper products, publishing",.000010656852,.000046973164
32,10,Insurance,"Paper products, publishing",.000012735221,.000072409464
33,10,Business services nec,"Paper products, publishing",.00002339268,.000073579467
34,10,Recreation and other services,"Paper products, publishing",5.8647956e-06,.000028196067
35,10,PubAdmin/Defence/Health/Educat,"Paper products, publishing",1.1883822e-06,5.3352373e-06
1,11,"Agriculture, Forestry, Fishing","Petroleum, coal products",0,0
2,11,Coal,"Petroleum, coal products",0,0
3,11,Oil and Gas,"Petroleum, coal products",0,0
4,11,Minerals nec,"Petroleum, coal products",0,0
5,11,Food products and beverages,"Petroleum, coal products",0,0
6,11,Textiles,"Petroleum, coal products",0,0
7,11,Wearing apparel,"Petroleum, coal products",0,0
8,11,Leather products,"Petroleum, coal products",0,0
9,11,Wood products,"Petroleum, coal products",0,0
10,11,"Paper products, publishing","Petroleum, coal products",0,0
11,11,"Petroleum, coal products","Petroleum, coal products",0,0
12,11,"Chemical,rubber,plastic prods","Petroleum, coal products",0,0
13,11,Mineral products nec,"Petroleum, coal products",0,0
14,11,Ferrous metals,"Petroleum, coal products",0,0
15,11,Metals nec,"Petroleum, coal products",0,0
16,11,Metal products,"Petroleum, coal products",0,0
17,11,Motor vehicles and parts,"Petroleum, coal products",0,0
18,11,Transport equipment nec,"Petroleum, coal products",0,0
19,11,Electronic equipment,"Petroleum, coal products",0,0
20,11,Machinery and equipment nec,"Petroleum, coal products",0,0
21,11,Manufactures nec,"Petroleum, coal products",2.2082966e-06,.000052404095
22,11,Electricity,"Petroleum, coal products",0,0
23,11,"Gas manufacture, distribution","Petroleum, coal products",0,0
24,11,Water,"Petroleum, coal products",0,0
25,11,Construction,"Petroleum, coal products",.000010573161,.00010167565
26,11,Trade,"Petroleum, coal products",.000023366758,.00017690669
27,11,Transport nec,"Petroleum, coal products",0,0
28,11,Sea transport,"Petroleum, coal products",0,0
29,11,Air transport,"Petroleum, coal products",0,0
30,11,Communication,"Petroleum, coal products",0,0
31,11,Financial services nec,"Petroleum, coal products",.00010470045,.0010176391
32,11,Insurance,"Petroleum, coal products",.000078160316,.0010693319
33,11,Business services nec,"Petroleum, coal products",.000023804638,.00018889883
34,11,Recreation and other services,"Petroleum, coal products",1.6915436e-06,.000020242755
35,11,PubAdmin/Defence/Health/Educat,"Petroleum, coal products",4.0863893e-06,.000047868431
1,12,"Agriculture, Forestry, Fishing","Chemical,rubber,plastic prods",2.2174274e-06,.000013700434
2,12,Coal,"Chemical,rubber,plastic prods",0,0
3,12,Oil and Gas,"Chemical,rubber,plastic prods",0,0
4,12,Minerals nec,"Chemical,rubber,plastic prods",.00004039234,.00030646086
5,12,Food products and beverages,"Chemical,rubber,plastic prods",5.8435144e-06,.000043004729
6,12,Textiles,"Chemical,rubber,plastic prods",0,0
7,12,Wearing apparel,"Chemical,rubber,plastic prods",1.9939866e-06,.000022847998
8,12,Leather products,"Chemical,rubber,plastic prods",0,0
9,12,Wood products,"Chemical,rubber,plastic prods",2.1687847e-06,.000018573084
10,12,"Paper products, publishing","Chemical,rubber,plastic prods",.000014618926,.000079039215
11,12,"Petroleum, coal products","Chemical,rubber,plastic prods",0,0
12,12,"Chemical,rubber,plastic prods","Chemical,rubber,plastic prods",.00058003556,.0023775641
13,12,Mineral products nec,"Chemical,rubber,plastic prods",.000010104299,.00007415298
14,12,Ferrous metals,"Chemical,rubber,plastic prods",0,0
15,12,Metals nec,"Chemical,rubber,plastic prods",6.7426126e-06,.000068186811
16,12,Metal products,"Chemical,rubber,plastic prods",6.7601195e-06,.000042960226
17,12,Motor vehicles and parts,"Chemical,rubber,plastic prods",0,0
18,12,Transport equipment nec,"Chemical,rubber,plastic prods",0,0
19,12,Electronic equipment,"Chemical,rubber,plastic prods",0,0
20,12,Machinery and equipment nec,"Chemical,rubber,plastic prods",.000015908425,.000094924333
21,12,Manufactures nec,"Chemical,rubber,plastic prods",1.7981630e-06,.000018243869
22,12,Electricity,"Chemical,rubber,plastic prods",.00012830875,.0007831137
23,12,"Gas manufacture, distribution","Chemical,rubber,plastic prods",0,0
24,12,Water,"Chemical,rubber,plastic prods",0,0
25,12,Construction,"Chemical,rubber,plastic prods",5.1403890e-06,.000026014177
26,12,Trade,"Chemical,rubber,plastic prods",.000084844898,.00031853985
27,12,Transport nec,"Chemical,rubber,plastic prods",.000039912735,.00018266482
28,12,Sea transport,"Chemical,rubber,plastic prods",.000062413055,.00050170912
29,12,Air transport,"Chemical,rubber,plastic prods",.000027299038,.00020872288
30,12,Communication,"Chemical,rubber,plastic prods",0,0
31,12,Financial services nec,"Chemical,rubber,plastic prods",.000080929873,.00038349009
32,12,Insurance,"Chemical,rubber,plastic prods",.0001247185,.00085297611
33,12,Business services nec,"Chemical,rubber,plastic prods",.00014938373,.00054769509
34,12,Recreation and other services,"Chemical,rubber,plastic prods",9.8070041e-06,.000055725803
35,12,PubAdmin/Defence/Health/Educat,"Chemical,rubber,plastic prods",3.4909244e-06,.000018137152
1,13,"Agriculture, Forestry, Fishing",Mineral products nec,0,0
2,13,Coal,Mineral products nec,0,0
3,13,Oil and Gas,Mineral products nec,0,0
4,13,Minerals nec,Mineral products nec,0,0
5,13,Food products and beverages,Mineral products nec,0,0
6,13,Textiles,Mineral products nec,0,0
7,13,Wearing apparel,Mineral products nec,0,0
8,13,Leather products,Mineral products nec,0,0
9,13,Wood products,Mineral products nec,0,0
10,13,"Paper products, publishing",Mineral products nec,0,0
11,13,"Petroleum, coal products",Mineral products nec,0,0
12,13,"Chemical,rubber,plastic prods",Mineral products nec,.000016461641,.000098022385
13,13,Mineral products nec,Mineral products nec,0,0
14,13,Ferrous metals,Mineral products nec,.000032976262,.00030003441
15,13,Metals nec,Mineral products nec,0,0
16,13,Metal products,Mineral products nec,.000021659305,.00016355305
17,13,Motor vehicles and parts,Mineral products nec,0,0
18,13,Transport equipment nec,Mineral products nec,0,0
19,13,Electronic equipment,Mineral products nec,0,0
20,13,Machinery and equipment nec,Mineral products nec,3.0148508e-06,.000019911649
21,13,Manufactures nec,Mineral products nec,1.6328586e-06,.000016744953
22,13,Electricity,Mineral products nec,0,0
23,13,"Gas manufacture, distribution",Mineral products nec,0,0
24,13,Water,Mineral products nec,0,0
25,13,Construction,Mineral products nec,6.1819168e-07,3.6101399e-06
26,13,Trade,Mineral products nec,.000026684003,.00011854191
27,13,Transport nec,Mineral products nec,.000026456688,.00012630563
28,13,Sea transport,Mineral products nec,0,0
29,13,Air transport,Mineral products nec,0,0
30,13,Communication,Mineral products nec,0,0
31,13,Financial services nec,Mineral products nec,.000016256861,.000098017292
32,13,Insurance,Mineral products nec,.00006925426,.00052895123
33,13,Business services nec,Mineral products nec,.000035385434,.0001575607
34,13,Recreation and other services,Mineral products nec,4.7006602e-06,.000031160991
35,13,PubAdmin/Defence/Health/Educat,Mineral products nec,3.5301926e-07,2.3019620e-06
1,14,"Agriculture, Forestry, Fishing",Ferrous metals,0,0
2,14,Coal,Ferrous metals,0,0
3,14,Oil and Gas,Ferrous metals,0,0
4,14,Minerals nec,Ferrous metals,0,0
5,14,Food products and beverages,Ferrous metals,0,0
6,14,Textiles,Ferrous metals,0,0
7,14,Wearing apparel,Ferrous metals,0,0
8,14,Leather products,Ferrous metals,0,0
9,14,Wood products,Ferrous metals,0,0
10,14,"Paper products, publishing",Ferrous metals,0,0
11,14,"Petroleum, coal products",Ferrous metals,0,0
12,14,"Chemical,rubber,plastic prods",Ferrous metals,0,0
13,14,Mineral products nec,Ferrous metals,.00013454854,.0013101079
14,14,Ferrous metals,Ferrous metals,0,0
15,14,Metals nec,Ferrous metals,0,0
16,14,Metal products,Ferrous metals,.000021003962,.00018522957
17,14,Motor vehicles and parts,Ferrous metals,0,0
18,14,Transport equipment nec,Ferrous metals,4.9147953e-08,1.2057021e-06
19,14,Electronic equipment,Ferrous metals,0,0
20,14,Machinery and equipment nec,Ferrous metals,.000019603132,.00014090014
21,14,Manufactures nec,Ferrous metals,3.7081821e-07,6.6688108e-06
22,14,Electricity,Ferrous metals,.00013923038,.0012720716
23,14,"Gas manufacture, distribution",Ferrous metals,0,0
24,14,Water,Ferrous metals,0,0
25,14,Construction,Ferrous metals,4.0185178e-06,.000032154501
26,14,Trade,Ferrous metals,.000031833559,.0001794128
27,14,Transport nec,Ferrous metals,.000017929262,.00012522891
28,14,Sea transport,Ferrous metals,0,0
29,14,Air transport,Ferrous metals,0,0
30,14,Communication,Ferrous metals,0,0
31,14,Financial services nec,Ferrous metals,0,0
32,14,Insurance,Ferrous metals,.00019538321,.0020769595
33,14,Business services nec,Ferrous metals,.00013764342,.00081824249
34,14,Recreation and other services,Ferrous metals,.000012310579,.00011113704
35,14,PubAdmin/Defence/Health/Educat,Ferrous metals,3.7171058e-06,.00003477863
1,15,"Agriculture, Forestry, Fishing",Metals nec,.000023479797,.00033706456
2,15,Coal,Metals nec,0,0
3,15,Oil and Gas,Metals nec,0,0
4,15,Minerals nec,Metals nec,0,0
5,15,Food products and beverages,Metals nec,0,0
6,15,Textiles,Metals nec,0,0
7,15,Wearing apparel,Metals nec,.000037660699,.00098991091
8,15,Leather products,Metals nec,0,0
9,15,Wood products,Metals nec,0,0
10,15,"Paper products, publishing",Metals nec,0,0
11,15,"Petroleum, coal products",Metals nec,0,0
12,15,"Chemical,rubber,plastic prods",Metals nec,.000046823407,.0003844634
13,15,Mineral products nec,Metals nec,0,0
14,15,Ferrous metals,Metals nec,0,0
15,15,Metals nec,Metals nec,.00030670143,.0021686989
16,15,Metal products,Metals nec,2.8802688e-06,.000027557833
17,15,Motor vehicles and parts,Metals nec,0,0
18,15,Transport equipment nec,Metals nec,0,0
19,15,Electronic equipment,Metals nec,0,0
20,15,Machinery and equipment nec,Metals nec,.000014987947,.00010226569
21,15,Manufactures nec,Metals nec,0,0
22,15,Electricity,Metals nec,.00012359169,.0010516907
23,15,"Gas manufacture, distribution",Metals nec,0,0
24,15,Water,Metals nec,0,0
25,15,Construction,Metals nec,2.1169753e-06,.000016866439
26,15,Trade,Metals nec,.000043959648,.00023444988
27,15,Transport nec,Metals nec,.000053724551,.00036072725
28,15,Sea transport,Metals nec,.00018354884,.0022872263
29,15,Air transport,Metals nec,0,0
30,15,Communication,Metals nec,.000034006898,.00037940402
31,15,Financial services nec,Metals nec,0,0
32,15,Insurance,Metals nec,.000046917437,.00048826495
33,15,Business services nec,Metals nec,.000058213507,.00035347571
34,15,Recreation and other services,Metals nec,0,0
35,15,PubAdmin/Defence/Health/Educat,Metals nec,3.6525698e-06,.000031765998
1,16,"Agriculture, Forestry, Fishing",Metal products,2.1645173e-08,2.6622470e-07
2,16,Coal,Metal products,0,0
3,16,Oil and Gas,Metal products,0,0
4,16,Minerals nec,Metal products,0,0
5,16,Food products and beverages,Metal products,1.0293637e-08,1.4032854e-07
6,16,Textiles,Metal products,0,0
7,16,Wearing apparel,Metal products,0,0
8,16,Leather products,Metal products,0,0
9,16,Wood products,Metal products,0,0
10,16,"Paper products, publishing",Metal products,0,0
11,16,"Petroleum, coal products",Metal products,0,0
12,16,"Chemical,rubber,plastic prods",Metal products,.000011637201,.0000609778
13,16,Mineral products nec,Metal products,.000030582345,.00022328626
14,16,Ferrous metals,Metal products,.00026902978,.0013706868
15,16,Metals nec,Metal products,.000049788239,.00027352132
16,16,Metal products,Metal products,.00012662349,.00060057797
17,16,Motor vehicles and parts,Metal products,0,0
18,16,Transport equipment nec,Metal products,0,0
19,16,Electronic equipment,Metal products,1.6140553e-06,.000013060162
20,16,Machinery and equipment nec,Metal products,.000014409002,.000072404291
21,16,Manufactures nec,Metal products,3.5336885e-07,3.6394283e-06
22,16,Electricity,Metal products,.000040290211,.00029098685
23,16,"Gas manufacture, distribution",Metal products,0,0
24,16,Water,Metal products,0,0
25,16,Construction,Metal products,2.7947588e-06,.00001427061
26,16,Trade,Metal products,.000053418629,.00019474851
27,16,Transport nec,Metal products,.000026736794,.00012834536
28,16,Sea transport,Metal products,0,0
29,16,Air transport,Metal products,0,0
30,16,Communication,Metal products,0,0
31,16,Financial services nec,Metal products,.000045788405,.00023083863
32,16,Insurance,Metal products,.00015517848,.0010555286
33,16,Business services nec,Metal products,.000094402581,.00035431326
34,16,Recreation and other services,Metal products,7.9735346e-06,.000044676544
35,16,PubAdmin/Defence/Health/Educat,Metal products,5.7350371e-06,.000030979234
1,17,"Agriculture, Forestry, Fishing",Motor vehicles and parts,0,0
2,17,Coal,Motor vehicles and parts,0,0
3,17,Oil and Gas,Motor vehicles and parts,0,0
4,17,Minerals nec,Motor vehicles and parts,0,0
5,17,Food products and beverages,Motor vehicles and parts,0,0
6,17,Textiles,Motor vehicles and parts,0,0
7,17,Wearing apparel,Motor vehicles and parts,0,0
8,17,Leather products,Motor vehicles and parts,0,0
9,17,Wood products,Motor vehicles and parts,0,0
10,17,"Paper products, publishing",Motor vehicles and parts,0,0
11,17,"Petroleum, coal products",Motor vehicles and parts,0,0
12,17,"Chemical,rubber,plastic prods",Motor vehicles and parts,0,0
13,17,Mineral products nec,Motor vehicles and parts,0,0
14,17,Ferrous metals,Motor vehicles and parts,0,0
15,17,Metals nec,Motor vehicles and parts,0,0
16,17,Metal products,Motor vehicles and parts,0,0
17,17,Motor vehicles and parts,Motor vehicles and parts,.000098106546,.00063974789
18,17,Transport equipment nec,Motor vehicles and parts,4.3403907e-06,.000069471302
19,17,Electronic equipment,Motor vehicles and parts,0,0
20,17,Machinery and equipment nec,Motor vehicles and parts,.00018183807,.0011495197
21,17,Manufactures nec,Motor vehicles and parts,.000039305763,.00057071657
22,17,Electricity,Motor vehicles and parts,0,0
23,17,"Gas manufacture, distribution",Motor vehicles and parts,0,0
24,17,Water,Motor vehicles and parts,0,0
25,17,Construction,Motor vehicles and parts,.000010233119,.00007720483
26,17,Trade,Motor vehicles and parts,.00005490378,.00026191681
27,17,Transport nec,Motor vehicles and parts,.000036457743,.00024704708
28,17,Sea transport,Motor vehicles and parts,0,0
29,17,Air transport,Motor vehicles and parts,0,0
30,17,Communication,Motor vehicles and parts,0,0
31,17,Financial services nec,Motor vehicles and parts,.00001433408,.00010133958
32,17,Insurance,Motor vehicles and parts,.000018872677,.00017974817
33,17,Business services nec,Motor vehicles and parts,.000040056442,.00022280525
34,17,Recreation and other services,Motor vehicles and parts,3.5966737e-06,.000028705919
35,17,PubAdmin/Defence/Health/Educat,Motor vehicles and parts,.000010650252,.000079805111
1,18,"Agriculture, Forestry, Fishing",Transport equipment nec,3.1668269e-06,.000051287152
2,18,Coal,Transport equipment nec,0,0
3,18,Oil and Gas,Transport equipment nec,0,0
4,18,Minerals nec,Transport equipment nec,.000062512954,.00097984413
5,18,Food products and beverages,Transport equipment nec,0,0
6,18,Textiles,Transport equipment nec,0,0
7,18,Wearing apparel,Transport equipment nec,0,0
8,18,Leather products,Transport equipment nec,0,0
9,18,Wood products,Transport equipment nec,0,0
10,18,"Paper products, publishing",Transport equipment nec,0,0
11,18,"Petroleum, coal products",Transport equipment nec,0,0
12,18,"Chemical,rubber,plastic prods",Transport equipment nec,0,0
13,18,Mineral products nec,Transport equipment nec,0,0
14,18,Ferrous metals,Transport equipment nec,.00023330281,.0020519451
15,18,Metals nec,Transport equipment nec,0,0
16,18,Metal products,Transport equipment nec,0,0
17,18,Motor vehicles and parts,Transport equipment nec,.00024986299,.0021460273
18,18,Transport equipment nec,Transport equipment nec,0,0
19,18,Electronic equipment,Transport equipment nec,0,0
20,18,Machinery and equipment nec,Transport equipment nec,.000038653132,.00022368103
21,18,Manufactures nec,Transport equipment nec,0,0
22,18,Electricity,Transport equipment nec,0,0
23,18,"Gas manufacture, distribution",Transport equipment nec,0,0
24,18,Water,Transport equipment nec,0,0
25,18,Construction,Transport equipment nec,0,0
26,18,Trade,Transport equipment nec,.000047023641,.00023912017
27,18,Transport nec,Transport equipment nec,.000041461371,.00028928579
28,18,Sea transport,Transport equipment nec,.000047084341,.000544813
29,18,Air transport,Transport equipment nec,.000034313194,.0003142707
30,18,Communication,Transport equipment nec,0,0
31,18,Financial services nec,Transport equipment nec,.000025656909,.00016942018
32,18,Insurance,Transport equipment nec,.000068641806,.00061937602
33,18,Business services nec,Transport equipment nec,.000055918408,.0002789172
34,18,Recreation and other services,Transport equipment nec,0,0
35,18,PubAdmin/Defence/Health/Educat,Transport equipment nec,0,0
1,19,"Agriculture, Forestry, Fishing",Electronic equipment,0,0
2,19,Coal,Electronic equipment,0,0
3,19,Oil and Gas,Electronic equipment,0,0
4,19,Minerals nec,Electronic equipment,0,0
5,19,Food products and beverages,Electronic equipment,0,0
6,19,Textiles,Electronic equipment,0,0
7,19,Wearing apparel,Electronic equipment,0,0
8,19,Leather products,Electronic equipment,0,0
9,19,Wood products,Electronic equipment,0,0
10,19,"Paper products, publishing",Electronic equipment,0,0
11,19,"Petroleum, coal products",Electronic equipment,0,0
12,19,"Chemical,rubber,plastic prods",Electronic equipment,0,0
13,19,Mineral products nec,Electronic equipment,0,0
14,19,Ferrous metals,Electronic equipment,0,0
15,19,Metals nec,Electronic equipment,0,0
16,19,Metal products,Electronic equipment,.000076727731,.00045942134
17,19,Motor vehicles and parts,Electronic equipment,0,0
18,19,Transport equipment nec,Electronic equipment,0,0
19,19,Electronic equipment,Electronic equipment,.000037698861,.00017558463
20,19,Machinery and equipment nec,Electronic equipment,.000013683398,.000080444726
21,19,Manufactures nec,Electronic equipment,2.4682257e-07,3.4089019e-06
22,19,Electricity,Electronic equipment,0,0
23,19,"Gas manufacture, distribution",Electronic equipment,0,0
24,19,Water,Electronic equipment,0,0
25,19,Construction,Electronic equipment,.000018200924,.000098736295
26,19,Trade,Electronic equipment,.0000728132,.00027099237
27,19,Transport nec,Electronic equipment,.000035002671,.00022405486
28,19,Sea transport,Electronic equipment,0,0
29,19,Air transport,Electronic equipment,0,0
30,19,Communication,Electronic equipment,.000011067428,.000082675848
31,19,Financial services nec,Electronic equipment,.000061497929,.00033230428
32,19,Insurance,Electronic equipment,.000034772002,.00026459864
33,19,Business services nec,Electronic equipment,.000083994819,.00034379857
34,19,Recreation and other services,Electronic equipment,.000015865999,.000098442011
35,19,PubAdmin/Defence/Health/Educat,Electronic equipment,4.4583740e-06,.000024864037
1,20,"Agriculture, Forestry, Fishing",Machinery and equipment nec,4.5430426e-07,3.5500116e-06
2,20,Coal,Machinery and equipment nec,2.8554280e-07,4.3236496e-06
3,20,Oil and Gas,Machinery and equipment nec,3.8160092e-08,5.2070311e-07
4,20,Minerals nec,Machinery and equipment nec,2.5070926e-06,.000022833106
5,20,Food products and beverages,Machinery and equipment nec,0,0
6,20,Textiles,Machinery and equipment nec,0,0
7,20,Wearing apparel,Machinery and equipment nec,.000013471541,.00011551762
8,20,Leather products,Machinery and equipment nec,0,0
9,20,Wood products,Machinery and equipment nec,0,0
10,20,"Paper products, publishing",Machinery and equipment nec,.00002103917,.00010230792
11,20,"Petroleum, coal products",Machinery and equipment nec,0,0
12,20,"Chemical,rubber,plastic prods",Machinery and equipment nec,.000088850757,.00038471032
13,20,Mineral products nec,Machinery and equipment nec,.000013511689,.00007599649
14,20,Ferrous metals,Machinery and equipment nec,.000090498761,.00044129769
15,20,Metals nec,Machinery and equipment nec,.00005165835,.00026623241
16,20,Metal products,Machinery and equipment nec,.000065705164,.00027763925
17,20,Motor vehicles and parts,Machinery and equipment nec,4.7355293e-06,.000035753179
18,20,Transport equipment nec,Machinery and equipment nec,7.3878114e-06,.000046861605
19,20,Electronic equipment,Machinery and equipment nec,.000035883131,.00016158416
20,20,Machinery and equipment nec,Machinery and equipment nec,.000079652425,.00027894351
21,20,Manufactures nec,Machinery and equipment nec,3.8464418e-06,.000029550743
22,20,Electricity,Machinery and equipment nec,.000020654321,.00012982685
23,20,"Gas manufacture, distribution",Machinery and equipment nec,0,0
24,20,Water,Machinery and equipment nec,.00001037895,.000076984616
25,20,Construction,Machinery and equipment nec,5.2571995e-06,.000022494956
26,20,Trade,Machinery and equipment nec,.000081955724,.0002466836
27,20,Transport nec,Machinery and equipment nec,.000015024289,.000063802989
28,20,Sea transport,Machinery and equipment nec,0,0
29,20,Air transport,Machinery and equipment nec,.000016225733,.000098353179
30,20,Communication,Machinery and equipment nec,4.7421672e-06,.000026458203
31,20,Financial services nec,Machinery and equipment nec,.000071790986,.0002988202
32,20,Insurance,Machinery and equipment nec,.00013720152,.00077685853
33,20,Business services nec,Machinery and equipment nec,.00014861574,.00045884613
34,20,Recreation and other services,Machinery and equipment nec,.000014672123,.000068138921
35,20,PubAdmin/Defence/Health/Educat,Machinery and equipment nec,2.6499354e-06,.000011691672
1,21,"Agriculture, Forestry, Fishing",Manufactures nec,3.4347361e-06,.000020134197
2,21,Coal,Manufactures nec,0,0
3,21,Oil and Gas,Manufactures nec,0,0
4,21,Minerals nec,Manufactures nec,.000025669096,.00024828105
5,21,Food products and beverages,Manufactures nec,0,0
6,21,Textiles,Manufactures nec,0,0
7,21,Wearing apparel,Manufactures nec,3.4559355e-06,.000023707971
8,21,Leather products,Manufactures nec,.000064581422,.00055805518
9,21,Wood products,Manufactures nec,.000011868902,.000059828923
10,21,"Paper products, publishing",Manufactures nec,0,0
11,21,"Petroleum, coal products",Manufactures nec,.000092736213,.00074306229
12,21,"Chemical,rubber,plastic prods",Manufactures nec,.000093093477,.00039354319
13,21,Mineral products nec,Manufactures nec,.000017614104,.00011408506
14,21,Ferrous metals,Manufactures nec,.000042371081,.0002512818
15,21,Metals nec,Manufactures nec,0,0
16,21,Metal products,Manufactures nec,.000012975447,.000065118686
17,21,Motor vehicles and parts,Manufactures nec,.00002277577,.00020389562
18,21,Transport equipment nec,Manufactures nec,0,0
19,21,Electronic equipment,Manufactures nec,.000018995061,.000097793345
20,21,Machinery and equipment nec,Manufactures nec,.000021452821,.00010173145
21,21,Manufactures nec,Manufactures nec,.000058927519,.00024133266
22,21,Electricity,Manufactures nec,0,0
23,21,"Gas manufacture, distribution",Manufactures nec,0,0
24,21,Water,Manufactures nec,.000078121775,.00062535889
25,21,Construction,Manufactures nec,2.6531034e-06,.000012146163
26,21,Trade,Manufactures nec,.000059825426,.00018424289
27,21,Transport nec,Manufactures nec,.00002999657,.00013181512
28,21,Sea transport,Manufactures nec,.000017834423,.00013600588
29,21,Air transport,Manufactures nec,0,0
30,21,Communication,Manufactures nec,6.3720222e-06,.000037302441
31,21,Financial services nec,Manufactures nec,.000018214909,.000080109268
32,21,Insurance,Manufactures nec,.000059645547,.00034419022
33,21,Business services nec,Manufactures nec,.000061976563,.0001887524
34,21,Recreation and other services,Manufactures nec,8.2604301e-06,.000040060386
35,21,PubAdmin/Defence/Health/Educat,Manufactures nec,6.5859954e-06,.000026712431
1,22,"Agriculture, Forestry, Fishing",Electricity,3.1100654e-07,5.6527483e-06
2,22,Coal,Electricity,.00023691353,.0019221236
3,22,Oil and Gas,Electricity,.000047860463,.00039830169
4,22,Minerals nec,Electricity,0,0
5,22,Food products and beverages,Electricity,8.9026120e-09,2.4390840e-07
6,22,Textiles,Electricity,0,0
7,22,Wearing apparel,Electricity,0,0
8,22,Leather products,Electricity,0,0
9,22,Wood products,Electricity,0,0
10,22,"Paper products, publishing",Electricity,0,0
11,22,"Petroleum, coal products",Electricity,0,0
12,22,"Chemical,rubber,plastic prods",Electricity,4.2318620e-06,.000043620716
13,22,Mineral products nec,Electricity,0,0
14,22,Ferrous metals,Electricity,6.9800628e-08,1.6717581e-06
15,22,Metals nec,Electricity,2.8889974e-06,.000042595653
16,22,Metal products,Electricity,3.1497466e-06,.000039022063
17,22,Motor vehicles and parts,Electricity,0,0
18,22,Transport equipment nec,Electricity,0,0
19,22,Electronic equipment,Electricity,0,0
20,22,Machinery and equipment nec,Electricity,6.8299632e-06,.000057145327
21,22,Manufactures nec,Electricity,0,0
22,22,Electricity,Electricity,.00041727518,.003335322
23,22,"Gas manufacture, distribution",Electricity,.000040933977,.00026945185
24,22,Water,Electricity,0,0
25,22,Construction,Electricity,.000032410549,.00017422013
26,22,Trade,Electricity,8.6594700e-06,.000057772515
27,22,Transport nec,Electricity,.000020595118,.00013668259
28,22,Sea transport,Electricity,0,0
29,22,Air transport,Electricity,0,0
30,22,Communication,Electricity,0,0
31,22,Financial services nec,Electricity,.000074462398,.00049635326
32,22,Insurance,Electricity,.000068214264,.00063483237
33,22,Business services nec,Electricity,.00010269979,.00055909529
34,22,Recreation and other services,Electricity,0,0
35,22,PubAdmin/Defence/Health/Educat,Electricity,1.6420058e-06,.000012273611
1,23,"Agriculture, Forestry, Fishing","Gas manufacture, distribution",1.0759432e-07,1.1680833e-06
2,23,Coal,"Gas manufacture, distribution",0,0
3,23,Oil and Gas,"Gas manufacture, distribution",.000074189855,.00039930709
4,23,Minerals nec,"Gas manufacture, distribution",0,0
5,23,Food products and beverages,"Gas manufacture, distribution",0,0
6,23,Textiles,"Gas manufacture, distribution",0,0
7,23,Wearing apparel,"Gas manufacture, distribution",0,0
8,23,Leather products,"Gas manufacture, distribution",0,0
9,23,Wood products,"Gas manufacture, distribution",0,0
10,23,"Paper products, publishing","Gas manufacture, distribution",0,0
11,23,"Petroleum, coal products","Gas manufacture, distribution",0,0
12,23,"Chemical,rubber,plastic prods","Gas manufacture, distribution",0,0
13,23,Mineral products nec,"Gas manufacture, distribution",0,0
14,23,Ferrous metals,"Gas manufacture, distribution",0,0
15,23,Metals nec,"Gas manufacture, distribution",0,0
16,23,Metal products,"Gas manufacture, distribution",0,0
17,23,Motor vehicles and parts,"Gas manufacture, distribution",0,0
18,23,Transport equipment nec,"Gas manufacture, distribution",0,0
19,23,Electronic equipment,"Gas manufacture, distribution",0,0
20,23,Machinery and equipment nec,"Gas manufacture, distribution",0,0
21,23,Manufactures nec,"Gas manufacture, distribution",0,0
22,23,Electricity,"Gas manufacture, distribution",1.5937759e-06,.000010740559
23,23,"Gas manufacture, distribution","Gas manufacture, distribution",0,0
24,23,Water,"Gas manufacture, distribution",0,0
25,23,Construction,"Gas manufacture, distribution",6.6106554e-06,.000021745493
26,23,Trade,"Gas manufacture, distribution",5.2049796e-07,2.2768065e-06
27,23,Transport nec,"Gas manufacture, distribution",5.2681230e-06,.000022355402
28,23,Sea transport,"Gas manufacture, distribution",0,0
29,23,Air transport,"Gas manufacture, distribution",0,0
30,23,Communication,"Gas manufacture, distribution",0,0
31,23,Financial services nec,"Gas manufacture, distribution",5.5692690e-06,.000023325381
32,23,Insurance,"Gas manufacture, distribution",7.4346954e-06,.000045286062
33,23,Business services nec,"Gas manufacture, distribution",.000024384104,.000091288137
34,23,Recreation and other services,"Gas manufacture, distribution",5.3212290e-07,3.1202551e-06
35,23,PubAdmin/Defence/Health/Educat,"Gas manufacture, distribution",1.7618332e-06,8.7075159e-06
1,24,"Agriculture, Forestry, Fishing",Water,0,0
2,24,Coal,Water,0,0
3,24,Oil and Gas,Water,0,0
4,24,Minerals nec,Water,0,0
5,24,Food products and beverages,Water,0,0
6,24,Textiles,Water,0,0
7,24,Wearing apparel,Water,0,0
8,24,Leather products,Water,0,0
9,24,Wood products,Water,0,0
10,24,"Paper products, publishing",Water,0,0
11,24,"Petroleum, coal products",Water,0,0
12,24,"Chemical,rubber,plastic prods",Water,0,0
13,24,Mineral products nec,Water,0,0
14,24,Ferrous metals,Water,0,0
15,24,Metals nec,Water,0,0
16,24,Metal products,Water,0,0
17,24,Motor vehicles and parts,Water,0,0
18,24,Transport equipment nec,Water,0,0
19,24,Electronic equipment,Water,0,0
20,24,Machinery and equipment nec,Water,.000016510239,.0001206024
21,24,Manufactures nec,Water,.000015824424,.0002092505
22,24,Electricity,Water,0,0
23,24,"Gas manufacture, distribution",Water,0,0
24,24,Water,Water,.000099850222,.00083698187
25,24,Construction,Water,7.1221534e-06,.00003468759
26,24,Trade,Water,1.3906480e-06,7.6048045e-06
27,24,Transport nec,Water,0,0
28,24,Sea transport,Water,0,0
29,24,Air transport,Water,0,0
30,24,Communication,Water,.000020060519,.00016465287
31,24,Financial services nec,Water,9.7107459e-06,.000060202481
32,24,Insurance,Water,0,0
33,24,Business services nec,Water,5.5863811e-06,.000029752302
34,24,Recreation and other services,Water,5.5188514e-07,4.6345076e-06
35,24,PubAdmin/Defence/Health/Educat,Water,2.2151623e-06,.000014637354
1,25,"Agriculture, Forestry, Fishing",Construction,4.7660792e-06,.00001544346
2,25,Coal,Construction,2.8169663e-07,3.6858685e-06
3,25,Oil and Gas,Construction,1.9807047e-12,5.7454271e-11
4,25,Minerals nec,Construction,.000018077137,.000068030655
5,25,Food products and beverages,Construction,9.2997432e-10,1.2635785e-08
6,25,Textiles,Construction,5.1239526e-06,.000021637892
7,25,Wearing apparel,Construction,0,0
8,25,Leather products,Construction,0,0
9,25,Wood products,Construction,3.1829272e-06,7.9061629e-06
10,25,"Paper products, publishing",Construction,.000011948501,.000041076182
11,25,"Petroleum, coal products",Construction,.00002550496,.00012189156
12,25,"Chemical,rubber,plastic prods",Construction,.000025766496,.000072547067
13,25,Mineral products nec,Construction,.000038388131,.00010342248
14,25,Ferrous metals,Construction,.000028464616,.0001079315
15,25,Metals nec,Construction,.000017545544,.000069009482
16,25,Metal products,Construction,.000098502023,.00024436921
17,25,Motor vehicles and parts,Construction,5.4938582e-06,.000025781952
18,25,Transport equipment nec,Construction,0,0
19,25,Electronic equipment,Construction,.000011046099,.000041409712
20,25,Machinery and equipment nec,Construction,.000039605842,.000096074997
21,25,Manufactures nec,Construction,.000014762871,.000052125932
22,25,Electricity,Construction,2.3978110e-08,2.0434499e-07
23,25,"Gas manufacture, distribution",Construction,6.5259548e-10,6.6010477e-09
24,25,Water,Construction,8.1090798e-07,3.7304542e-06
25,25,Construction,Construction,.000098323457,.00032439441
26,25,Trade,Construction,.000079680191,.00014631689
27,25,Transport nec,Construction,.00002398098,.000060011429
28,25,Sea transport,Construction,.000019635223,.000087403663
29,25,Air transport,Construction,.000012912987,.000056884594
30,25,Communication,Construction,1.9264894e-06,6.7235187e-06
31,25,Financial services nec,Construction,.00008554323,.00018550734
32,25,Insurance,Construction,.00043929028,.0013230157
33,25,Business services nec,Construction,.0001713059,.00032804423
34,25,Recreation and other services,Construction,5.0666476e-06,.000017548824
35,25,PubAdmin/Defence/Health/Educat,Construction,1.2415865e-06,4.1600583e-06
1,26,"Agriculture, Forestry, Fishing",Trade,8.3959876e-06,.000022656113
2,26,Coal,Trade,1.7873327e-07,1.4087652e-06
3,26,Oil and Gas,Trade,4.7960134e-07,2.6707407e-06
4,26,Minerals nec,Trade,2.8894679e-06,.000017220063
5,26,Food products and beverages,Trade,.000029598492,.000081368176
6,26,Textiles,Trade,9.7273023e-06,.000032879405
7,26,Wearing apparel,Trade,9.6235863e-06,.000038752576
8,26,Leather products,Trade,6.7940232e-06,.000031414736
9,26,Wood products,Trade,6.9220732e-06,.000022240134
10,26,"Paper products, publishing",Trade,.000023933539,.000056068606
11,26,"Petroleum, coal products",Trade,.000015065682,.000063012201
12,26,"Chemical,rubber,plastic prods",Trade,.000051239924,.00013214654
13,26,Mineral products nec,Trade,.00001382893,.000049513194
14,26,Ferrous metals,Trade,2.7692959e-06,.000012636376
15,26,Metals nec,Trade,6.3098391e-06,.000026858457
16,26,Metal products,Trade,.000028590708,.000082179584
17,26,Motor vehicles and parts,Trade,.000025511868,.000071339811
18,26,Transport equipment nec,Trade,7.2657133e-07,3.6942372e-06
19,26,Electronic equipment,Trade,.000011306837,.000032102747
20,26,Machinery and equipment nec,Trade,.000024549117,.000060995982
21,26,Manufactures nec,Trade,.000030816653,.000095654017
22,26,Electricity,Trade,.00012090707,.00033624654
23,26,"Gas manufacture, distribution",Trade,1.5923231e-06,5.2803125e-06
24,26,Water,Trade,3.6797971e-06,.000011977913
25,26,Construction,Trade,.000026268017,.000052943356
26,26,Trade,Trade,.00014496112,.00023429544
27,26,Transport nec,Trade,.000052649953,.00012112463
28,26,Sea transport,Trade,.000046405126,.00018958484
29,26,Air transport,Trade,.000039607527,.00012380671
30,26,Communication,Trade,.000034242159,.000082938837
31,26,Financial services nec,Trade,.00015532697,.00029663646
32,26,Insurance,Trade,.00024225011,.00063127442
33,26,Business services nec,Trade,.00028637896,.00039147981
34,26,Recreation and other services,Trade,8.2466458e-06,.00001897412
35,26,PubAdmin/Defence/Health/Educat,Trade,.000021109636,.000043868124
1,27,"Agriculture, Forestry, Fishing",Transport nec,3.3174455e-08,2.1527578e-07
2,27,Coal,Transport nec,0,0
3,27,Oil and Gas,Transport nec,3.8360295e-06,.000017724144
4,27,Minerals nec,Transport nec,3.7203094e-08,4.5553074e-07
5,27,Food products and beverages,Transport nec,2.4475409e-07,1.5405222e-06
6,27,Textiles,Transport nec,5.5242782e-07,3.8317967e-06
7,27,Wearing apparel,Transport nec,3.8757614e-07,3.3837173e-06
8,27,Leather products,Transport nec,8.4672740e-07,9.5880105e-06
9,27,Wood products,Transport nec,2.9709597e-07,1.7949499e-06
10,27,"Paper products, publishing",Transport nec,3.8210555e-06,.000016746784
11,27,"Petroleum, coal products",Transport nec,0,0
12,27,"Chemical,rubber,plastic prods",Transport nec,3.9430070e-06,.000016967608
13,27,Mineral products nec,Transport nec,2.2922153e-07,1.6280505e-06
14,27,Ferrous metals,Transport nec,1.8246136e-06,.000011294281
15,27,Metals nec,Transport nec,8.3358813e-08,9.0230884e-07
16,27,Metal products,Transport nec,4.0638711e-06,.000019742418
17,27,Motor vehicles and parts,Transport nec,6.5802697e-06,.000032610787
18,27,Transport equipment nec,Transport nec,.000020491731,.00010654992
19,27,Electronic equipment,Transport nec,5.6914701e-07,3.8193157e-06
20,27,Machinery and equipment nec,Transport nec,4.4631670e-06,.000017310631
21,27,Manufactures nec,Transport nec,1.7768134e-06,.000011383679
22,27,Electricity,Transport nec,8.9913601e-06,.000042855656
23,27,"Gas manufacture, distribution",Transport nec,7.6265161e-07,4.0036884e-06
24,27,Water,Transport nec,0,0
25,27,Construction,Transport nec,.000011664947,.000033405657
26,27,Trade,Transport nec,.000062001127,.00015312592
27,27,Transport nec,Transport nec,.00012586797,.00030952325
28,27,Sea transport,Transport nec,.000015981761,.000092543945
29,27,Air transport,Transport nec,7.6328843e-06,.000038715552
30,27,Communication,Transport nec,.00003548442,.00013933764
31,27,Financial services nec,Transport nec,.000045499681,.00014529948
32,27,Insurance,Transport nec,.00021308365,.00080197892
33,27,Business services nec,Transport nec,.00011663563,.00027944561
34,27,Recreation and other services,Transport nec,2.6440280e-06,9.9826148e-06
35,27,PubAdmin/Defence/Health/Educat,Transport nec,2.8513855e-06,.000010139861
1,28,"Agriculture, Forestry, Fishing",Sea transport,0,0
2,28,Coal,Sea transport,0,0
3,28,Oil and Gas,Sea transport,0,0
4,28,Minerals nec,Sea transport,5.3892181e-06,.000091638474
5,28,Food products and beverages,Sea transport,0,0
6,28,Textiles,Sea transport,0,0
7,28,Wearing apparel,Sea transport,0,0
8,28,Leather products,Sea transport,0,0
9,28,Wood products,Sea transport,0,0
10,28,"Paper products, publishing",Sea transport,0,0
11,28,"Petroleum, coal products",Sea transport,0,0
12,28,"Chemical,rubber,plastic prods",Sea transport,7.3842111e-06,.000064277985
13,28,Mineral products nec,Sea transport,0,0
14,28,Ferrous metals,Sea transport,0,0
15,28,Metals nec,Sea transport,.00001626929,.00022610041
16,28,Metal products,Sea transport,0,0
17,28,Motor vehicles and parts,Sea transport,0,0
18,28,Transport equipment nec,Sea transport,.00015997475,.0012911469
19,28,Electronic equipment,Sea transport,0,0
20,28,Machinery and equipment nec,Sea transport,0,0
21,28,Manufactures nec,Sea transport,7.4495561e-06,.000074449505
22,28,Electricity,Sea transport,0,0
23,28,"Gas manufacture, distribution",Sea transport,0,0
24,28,Water,Sea transport,0,0
25,28,Construction,Sea transport,.000018795587,.00010295595
26,28,Trade,Sea transport,.000023190583,.00013505877
27,28,Transport nec,Sea transport,.000054130705,.00031200267
28,28,Sea transport,Sea transport,.000065091452,.00042670241
29,28,Air transport,Sea transport,0,0
30,28,Communication,Sea transport,.000012688092,.00011860128
31,28,Financial services nec,Sea transport,.000033706467,.00019070912
32,28,Insurance,Sea transport,.00016751287,.0014539211
33,28,Business services nec,Sea transport,.000056843117,.00023798275
34,28,Recreation and other services,Sea transport,3.4018089e-07,2.5464822e-06
35,28,PubAdmin/Defence/Health/Educat,Sea transport,2.5691197e-06,.000014954541
1,29,"Agriculture, Forestry, Fishing",Air transport,0,0
2,29,Coal,Air transport,0,0
3,29,Oil and Gas,Air transport,0,0
4,29,Minerals nec,Air transport,0,0
5,29,Food products and beverages,Air transport,4.1123981e-06,.000038233713
6,29,Textiles,Air transport,0,0
7,29,Wearing apparel,Air transport,0,0
8,29,Leather products,Air transport,0,0
9,29,Wood products,Air transport,0,0
10,29,"Paper products, publishing",Air transport,4.0887671e-06,.000035512763
11,29,"Petroleum, coal products",Air transport,0,0
12,29,"Chemical,rubber,plastic prods",Air transport,1.8920354e-06,.000018817147
13,29,Mineral products nec,Air transport,0,0
14,29,Ferrous metals,Air transport,0,0
15,29,Metals nec,Air transport,0,0
16,29,Metal products,Air transport,0,0
17,29,Motor vehicles and parts,Air transport,0,0
18,29,Transport equipment nec,Air transport,.00008115029,.00059310143
19,29,Electronic equipment,Air transport,0,0
20,29,Machinery and equipment nec,Air transport,1.9338881e-06,.000016006039
21,29,Manufactures nec,Air transport,0,0
22,29,Electricity,Air transport,0,0
23,29,"Gas manufacture, distribution",Air transport,0,0
24,29,Water,Air transport,0,0
25,29,Construction,Air transport,.000013874988,.000083152896
26,29,Trade,Air transport,.000015181699,.000077862656
27,29,Transport nec,Air transport,.000080335798,.00039620843
28,29,Sea transport,Air transport,0,0
29,29,Air transport,Air transport,.00031879041,.0020553884
30,29,Communication,Air transport,0,0
31,29,Financial services nec,Air transport,.000023887402,.00013742442
32,29,Insurance,Air transport,.000032458964,.00026443598
33,29,Business services nec,Air transport,.000059504826,.00025085575
34,29,Recreation and other services,Air transport,4.8109041e-07,2.7607441e-06
35,29,PubAdmin/Defence/Health/Educat,Air transport,9.3376349e-07,5.3033991e-06
1,30,"Agriculture, Forestry, Fishing",Communication,1.6521673e-07,1.8926221e-06
2,30,Coal,Communication,0,0
3,30,Oil and Gas,Communication,0,0
4,30,Minerals nec,Communication,4.7141264e-09,1.5664426e-07
5,30,Food products and beverages,Communication,0,0
6,30,Textiles,Communication,0,0
7,30,Wearing apparel,Communication,0,0
8,30,Leather products,Communication,0,0
9,30,Wood products,Communication,0,0
10,30,"Paper products, publishing",Communication,0,0
11,30,"Petroleum, coal products",Communication,0,0
12,30,"Chemical,rubber,plastic prods",Communication,0,0
13,30,Mineral products nec,Communication,0,0
14,30,Ferrous metals,Communication,0,0
15,30,Metals nec,Communication,4.2823681e-06,.000051885509
16,30,Metal products,Communication,0,0
17,30,Motor vehicles and parts,Communication,0,0
18,30,Transport equipment nec,Communication,0,0
19,30,Electronic equipment,Communication,.000045885954,.00022365825
20,30,Machinery and equipment nec,Communication,3.5781002e-06,.000019021516
21,30,Manufactures nec,Communication,3.3178403e-06,.000025054838
22,30,Electricity,Communication,0,0
23,30,"Gas manufacture, distribution",Communication,0,0
24,30,Water,Communication,.000010835939,.000084541651
25,30,Construction,Communication,7.8923558e-06,.000028255283
26,30,Trade,Communication,.000012825977,.000045955574
27,30,Transport nec,Communication,9.2988857e-06,.000051569779
28,30,Sea transport,Communication,.000012257635,.00011993336
29,30,Air transport,Communication,0,0
30,30,Communication,Communication,.00028680687,.0010608009
31,30,Financial services nec,Communication,.000038451391,.00014873652
32,30,Insurance,Communication,5.6282161e-06,.000032975033
33,30,Business services nec,Communication,.000093496659,.00028326316
34,30,Recreation and other services,Communication,7.2368539e-06,.000029358502
35,30,PubAdmin/Defence/Health/Educat,Communication,2.2662337e-06,9.6981603e-06
1,31,"Agriculture, Forestry, Fishing",Financial services nec,5.5761666e-07,3.9996112e-06
2,31,Coal,Financial services nec,0,0
3,31,Oil and Gas,Financial services nec,2.8356874e-11,8.4537694e-10
4,31,Minerals nec,Financial services nec,0,0
5,31,Food products and beverages,Financial services nec,5.0773360e-07,4.0715067e-06
6,31,Textiles,Financial services nec,3.6024967e-06,.000026648668
7,31,Wearing apparel,Financial services nec,1.4817581e-07,1.8527562e-06
8,31,Leather products,Financial services nec,0,0
9,31,Wood products,Financial services nec,8.1641724e-07,5.5079931e-06
10,31,"Paper products, publishing",Financial services nec,.000027016176,.0001034681
11,31,"Petroleum, coal products",Financial services nec,8.8822935e-06,.000076412609
12,31,"Chemical,rubber,plastic prods",Financial services nec,3.3988972e-06,.000019289477
13,31,Mineral products nec,Financial services nec,2.1633543e-06,.000015040517
14,31,Ferrous metals,Financial services nec,0,0
15,31,Metals nec,Financial services nec,0,0
16,31,Metal products,Financial services nec,5.2367218e-06,.000030881969
17,31,Motor vehicles and parts,Financial services nec,5.1962996e-07,3.6826011e-06
18,31,Transport equipment nec,Financial services nec,1.3404078e-09,2.4425582e-08
19,31,Electronic equipment,Financial services nec,2.9558157e-06,.000016314898
20,31,Machinery and equipment nec,Financial services nec,8.9174873e-06,.000041576575
21,31,Manufactures nec,Financial services nec,9.9832450e-06,.000052866821
22,31,Electricity,Financial services nec,.000048071779,.00024559489
23,31,"Gas manufacture, distribution",Financial services nec,6.7493545e-07,4.0240334e-06
24,31,Water,Financial services nec,5.2743826e-06,.000029490404
25,31,Construction,Financial services nec,6.1300852e-06,.000021958729
26,31,Trade,Financial services nec,.000024257817,.000072718845
27,31,Transport nec,Financial services nec,.000043553988,.00015668455
28,31,Sea transport,Financial services nec,2.5904046e-06,.000019264013
29,31,Air transport,Financial services nec,.000016593443,.000084995459
30,31,Communication,Financial services nec,.000031100892,.00011628992
31,31,Financial services nec,Financial services nec,.00064993481,.0016489562
32,31,Insurance,Financial services nec,.000074141528,.00031555197
33,31,Business services nec,Financial services nec,.00048442729,.0010298475
34,31,Recreation and other services,Financial services nec,.000015081001,.000057031823
35,31,PubAdmin/Defence/Health/Educat,Financial services nec,.000035067904,.00010630545
1,32,"Agriculture, Forestry, Fishing",Insurance,4.6547083e-07,4.1362687e-06
2,32,Coal,Insurance,1.6578265e-07,2.7150800e-06
3,32,Oil and Gas,Insurance,1.6139816e-10,5.3379123e-09
4,32,Minerals nec,Insurance,1.1594641e-07,2.3497378e-06
5,32,Food products and beverages,Insurance,8.5057377e-07,8.8204633e-06
6,32,Textiles,Insurance,1.2826853e-06,.000012498745
7,32,Wearing apparel,Insurance,1.9484560e-07,2.5905854e-06
8,32,Leather products,Insurance,0,0
9,32,Wood products,Insurance,.000040633575,.00031271376
10,32,"Paper products, publishing",Insurance,.000050379738,.00022497556
11,32,"Petroleum, coal products",Insurance,.00001525438,.00016295827
12,32,"Chemical,rubber,plastic prods",Insurance,.000035331817,.00021367235
13,32,Mineral products nec,Insurance,6.4931160e-06,.000060238297
14,32,Ferrous metals,Insurance,8.6512517e-07,.000013186652
15,32,Metals nec,Insurance,3.9934280e-06,.000042709795
16,32,Metal products,Insurance,.000072131799,.00045531782
17,32,Motor vehicles and parts,Insurance,1.4877340e-06,.000012405775
18,32,Transport equipment nec,Insurance,1.6992079e-06,.000018238539
19,32,Electronic equipment,Insurance,3.0916910e-06,.000021410644
20,32,Machinery and equipment nec,Insurance,.000045337056,.00024292052
21,32,Manufactures nec,Insurance,.00004342652,.00027738881
22,32,Electricity,Insurance,.000078751735,.00050991116
23,32,"Gas manufacture, distribution",Insurance,1.1244165e-06,9.1794382e-06
24,32,Water,Insurance,0,0
25,32,Construction,Insurance,.0001188328,.00047887018
26,32,Trade,Insurance,.00025633239,.00079207117
27,32,Transport nec,Insurance,.0001233489,.00054386945
28,32,Sea transport,Insurance,.000048084214,.0004641597
29,32,Air transport,Insurance,.00012013378,.00068715523
30,32,Communication,Insurance,.000038862538,.00016155127
31,32,Financial services nec,Insurance,.00077666854,.002381705
32,32,Insurance,Insurance,.0015042677,.0041088606
33,32,Business services nec,Insurance,.00094610802,.0024394428
34,32,Recreation and other services,Insurance,.000047396017,.0001966273
35,32,PubAdmin/Defence/Health/Educat,Insurance,.0001166341,.00043333819
1,33,"Agriculture, Forestry, Fishing",Business services nec,.000013712348,.000030669329
2,33,Coal,Business services nec,3.2980254e-06,.000022920387
3,33,Oil and Gas,Business services nec,4.7980627e-08,3.0633055e-07
4,33,Minerals nec,Business services nec,1.2548358e-06,7.3077440e-06
5,33,Food products and beverages,Business services nec,1.7102126e-06,6.1687410e-06
6,33,Textiles,Business services nec,5.7776870e-06,.00002231994
7,33,Wearing apparel,Business services nec,9.8917837e-07,4.4005665e-06
8,33,Leather products,Business services nec,1.3921314e-06,7.4697127e-06
9,33,Wood products,Business services nec,3.1444602e-06,.000011145427
10,33,"Paper products, publishing",Business services nec,.000054573837,.00011141964
11,33,"Petroleum, coal products",Business services nec,7.3070510e-06,.000032218617
12,33,"Chemical,rubber,plastic prods",Business services nec,.000049620216,.00012316312
13,33,Mineral products nec,Business services nec,7.5014887e-06,.000027510108
14,33,Ferrous metals,Business services nec,8.0167820e-06,.000036730366
15,33,Metals nec,Business services nec,7.9141955e-06,.000035211164
16,33,Metal products,Business services nec,.000017408613,.000053861098
17,33,Motor vehicles and parts,Business services nec,4.6982796e-06,.000016785283
18,33,Transport equipment nec,Business services nec,3.0643059e-07,1.4164492e-06
19,33,Electronic equipment,Business services nec,.000087507593,.00019184237
20,33,Machinery and equipment nec,Business services nec,.000035977933,.000084831277
21,33,Manufactures nec,Business services nec,.000013974295,.0000428563
22,33,Electricity,Business services nec,.000073509087,.00022418618
23,33,"Gas manufacture, distribution",Business services nec,6.4024325e-06,.000022869121
24,33,Water,Business services nec,2.6228361e-06,9.4878424e-06
25,33,Construction,Business services nec,.000029903678,.000062341045
26,33,Trade,Business services nec,.000064415639,.000097576303
27,33,Transport nec,Business services nec,.000056494293,.00012388248
28,33,Sea transport,Business services nec,9.4379029e-06,.000035839999
29,33,Air transport,Business services nec,.000043060962,.00011947502
30,33,Communication,Business services nec,.000079234334,.00017220326
31,33,Financial services nec,Business services nec,.00017839245,.00032075189
32,33,Insurance,Business services nec,.00011189236,.00029237632
33,33,Business services nec,Business services nec,.00044342456,.00056283711
34,33,Recreation and other services,Business services nec,.000042218522,.000079936457
35,33,PubAdmin/Defence/Health/Educat,Business services nec,.000015704245,.000029498837
1,34,"Agriculture, Forestry, Fishing",Recreation and other services,.000017203782,.000052926676
2,34,Coal,Recreation and other services,0,0
3,34,Oil and Gas,Recreation and other services,0,0
4,34,Minerals nec,Recreation and other services,5.5644000e-07,5.4996594e-06
5,34,Food products and beverages,Recreation and other services,.000014288116,.000037498114
6,34,Textiles,Recreation and other services,0,0
7,34,Wearing apparel,Recreation and other services,2.9757691e-06,.000014235735
8,34,Leather products,Recreation and other services,8.3610648e-06,.000048089325
9,34,Wood products,Recreation and other services,0,0
10,34,"Paper products, publishing",Recreation and other services,.000025997901,.00008740506
11,34,"Petroleum, coal products",Recreation and other services,.000012718178,.000064823886
12,34,"Chemical,rubber,plastic prods",Recreation and other services,.000023111164,.000080310405
13,34,Mineral products nec,Recreation and other services,6.9837815e-06,.000033052009
14,34,Ferrous metals,Recreation and other services,6.6329198e-07,5.5462242e-06
15,34,Metals nec,Recreation and other services,0,0
16,34,Metal products,Recreation and other services,4.1639473e-06,.000019263371
17,34,Motor vehicles and parts,Recreation and other services,5.8254363e-06,.000024425559
18,34,Transport equipment nec,Recreation and other services,0,0
19,34,Electronic equipment,Recreation and other services,1.6560386e-06,8.3064724e-06
20,34,Machinery and equipment nec,Recreation and other services,.000010925661,.000039212606
21,34,Manufactures nec,Recreation and other services,.000024532133,.000097429394
22,34,Electricity,Recreation and other services,0,0
23,34,"Gas manufacture, distribution",Recreation and other services,3.4287448e-06,.000014690954
24,34,Water,Recreation and other services,8.9535879e-06,.00003751642
25,34,Construction,Recreation and other services,.000031938449,.000087682383
26,34,Trade,Recreation and other services,.000064639957,.00012074507
27,34,Transport nec,Recreation and other services,.000037311715,.000096428928
28,34,Sea transport,Recreation and other services,.000022683907,.000088192981
29,34,Air transport,Recreation and other services,.000012357958,.000033260832
30,34,Communication,Recreation and other services,.000010410703,.000033004351
31,34,Financial services nec,Recreation and other services,.000077644363,.00020522869
32,34,Insurance,Recreation and other services,.00014423371,.00046730312
33,34,Business services nec,Recreation and other services,.000098841389,.00019494997
34,34,Recreation and other services,Recreation and other services,.000049769253,.000098177021
35,34,PubAdmin/Defence/Health/Educat,Recreation and other services,.000015366883,.000035979072
1,35,"Agriculture, Forestry, Fishing",PubAdmin/Defence/Health/Educat,.000020039837,.000067378947
2,35,Coal,PubAdmin/Defence/Health/Educat,0,0
3,35,Oil and Gas,PubAdmin/Defence/Health/Educat,1.9193427e-09,3.0789355e-08
4,35,Minerals nec,PubAdmin/Defence/Health/Educat,.00001202458,.000072284005
5,35,Food products and beverages,PubAdmin/Defence/Health/Educat,.000025321026,.000078016048
6,35,Textiles,PubAdmin/Defence/Health/Educat,0,0
7,35,Wearing apparel,PubAdmin/Defence/Health/Educat,5.9323620e-06,.000026357038
8,35,Leather products,PubAdmin/Defence/Health/Educat,0,0
9,35,Wood products,PubAdmin/Defence/Health/Educat,1.3786387e-06,6.2132644e-06
10,35,"Paper products, publishing",PubAdmin/Defence/Health/Educat,.000036663521,.000096063421
11,35,"Petroleum, coal products",PubAdmin/Defence/Health/Educat,.00010351439,.00048710682
12,35,"Chemical,rubber,plastic prods",PubAdmin/Defence/Health/Educat,.000066340814,.00017491802
13,35,Mineral products nec,PubAdmin/Defence/Health/Educat,3.6129113e-06,.000014708403
14,35,Ferrous metals,PubAdmin/Defence/Health/Educat,5.0900712e-06,.000031191397
15,35,Metals nec,PubAdmin/Defence/Health/Educat,4.3441009e-06,.000026607055
16,35,Metal products,PubAdmin/Defence/Health/Educat,.00002172964,.000081768783
17,35,Motor vehicles and parts,PubAdmin/Defence/Health/Educat,.000027726357,.00011332034
18,35,Transport equipment nec,PubAdmin/Defence/Health/Educat,0,0
19,35,Electronic equipment,PubAdmin/Defence/Health/Educat,.000027260698,.000095719377
20,35,Machinery and equipment nec,PubAdmin/Defence/Health/Educat,.000039054357,.00010117185
21,35,Manufactures nec,PubAdmin/Defence/Health/Educat,.000019722327,.000072003182
22,35,Electricity,PubAdmin/Defence/Health/Educat,.000044526485,.00014462801
23,35,"Gas manufacture, distribution",PubAdmin/Defence/Health/Educat,.000019748517,.000071160488
24,35,Water,PubAdmin/Defence/Health/Educat,.000030048292,.00010865527
25,35,Construction,PubAdmin/Defence/Health/Educat,.00012589904,.0002491808
26,35,Trade,PubAdmin/Defence/Health/Educat,.000086694105,.00017185001
27,35,Transport nec,PubAdmin/Defence/Health/Educat,.000048589805,.00012410448
28,35,Sea transport,PubAdmin/Defence/Health/Educat,.000033900094,.00014808704
29,35,Air transport,PubAdmin/Defence/Health/Educat,.000042644504,.00014775236
30,35,Communication,PubAdmin/Defence/Health/Educat,.000035669993,.00010197933
31,35,Financial services nec,PubAdmin/Defence/Health/Educat,.0001760421,.00040256666
32,35,Insurance,PubAdmin/Defence/Health/Educat,.00045946028,.0013830346
33,35,Business services nec,PubAdmin/Defence/Health/Educat,.00031506873,.00050305552
34,35,Recreation and other services,PubAdmin/Defence/Health/Educat,.000031932592,.000079953083
35,35,PubAdmin/Defence/Health/Educat,PubAdmin/Defence/Health/Educat,.00013343897,.00027221622
